industry_slug,industry_name,industry_description,industry_sort_order,vendor_slug,vendor_name,vendor_logo_url,vendor_logo_asset,vendor_summary,vendor_sort_order,product_slug,product_name,product_family,integration_status,integration_type,integration_api_url,product_summary,product_sort_order,is_visible,internal_notes
manufacturing,Manufacturing,"Industrial automation, asset telemetry, edge systems, and operational workflows.",10,siemens,Siemens,,,"Siemens industrial software, infrastructure, transportation, healthcare, and building platform APIs exposed through the Siemens developer ecosystem.",10,comos-web-rest-api,COMOS Web REST API,COMOS,built,OpenAPI,https://developer.siemens.com/comos/comos-rest-apispec.json,"REST-style, HTTP-based API used to interact with COMOS data and to access COMOS features.",10,TRUE,source_key=siemens-developer-portal; source_product_line_slug=comos; source_product_line_name=COMOS; scraped_source=https://developer.siemens.com/comos/overview.html; integration_api_url=https://developer.siemens.com/comos/comos-rest-apispec.json; tags=comos
healthcare,Healthcare,"Clinical equipment, biomedical systems, and operational coordination APIs.",20,siemens,Siemens,,,"Siemens industrial software, infrastructure, transportation, healthcare, and building platform APIs exposed through the Siemens developer ecosystem.",10,nurse-call-system-api,Nurse Call System API,Nurse Call System,built,OpenAPI,https://developer.siemens.com/nurse-call-system/nursecallsystem-api-spec.yaml,The Nurse Call System API lets you integrate your Nurse Call System into Ward Manager so that advanced communication designed to enhance patient care and safety within healthcare facilities are reflected into Ward Manger.,30,TRUE,source_key=siemens-developer-portal; source_product_line_slug=nurse-call-system; source_product_line_name=Nurse Call System; scraped_source=https://developer.siemens.com/nurse-call-system/overview.html; integration_api_url=https://developer.siemens.com/nurse-call-system/nursecallsystem-api-spec.yaml; tags=nurse-call-system-api
manufacturing,Manufacturing,"Industrial automation, asset telemetry, edge systems, and operational workflows.",10,siemens,Siemens,,,"Siemens industrial software, infrastructure, transportation, healthcare, and building platform APIs exposed through the Siemens developer ecosystem.",10,battery-passport-rest-api,Battery Passport REST API,Battery Passport,built,OpenAPI,https://developer.siemens.com/battery-passport/postman-collection.json,The Battery Passport platform offers a rest API in order to provide data exchange in a standardized and self-described way.,50,TRUE,source_key=siemens-developer-portal; source_product_line_slug=battery-passport; source_product_line_name=Battery Passport; scraped_source=https://developer.siemens.com/battery-passport/overview.html; integration_api_url=https://developer.siemens.com/battery-passport/postman-collection.json; tags=battery-passport
commercial-buildings,Commercial Buildings,"Building operations, energy, security, and visitor workflows for connected facilities.",40,siemens,Siemens,,,"Siemens industrial software, infrastructure, transportation, healthcare, and building platform APIs exposed through the Siemens developer ecosystem.",10,building-operations-api,Building Operations API,Building X,built,OpenAPI,https://developer.siemens.com/building-x-openness/api/building-operations/operations.openapi.yaml,RESTful API for reading data from data points or issuing commands to actuator points.,60,TRUE,source_key=siemens-developer-portal; source_product_line_slug=building-x-openness; source_product_line_name=Building X; scraped_source=https://developer.siemens.com/building-x-openness/api/building-operations/overview.html; integration_api_url=https://developer.siemens.com/building-x-openness/api/building-operations/operations.openapi.yaml; tags=
commercial-buildings,Commercial Buildings,"Building operations, energy, security, and visitor workflows for connected facilities.",40,siemens,Siemens,,,"Siemens industrial software, infrastructure, transportation, healthcare, and building platform APIs exposed through the Siemens developer ecosystem.",10,building-structure-api,Building Structure API,Building X,built,OpenAPI,https://developer.siemens.com/building-x-openness/api/building-structure/structure.openapi.yaml,RESTful API for creating and managing a structural representation of your buildings.,70,TRUE,source_key=siemens-developer-portal; source_product_line_slug=building-x-openness; source_product_line_name=Building X; scraped_source=https://developer.siemens.com/building-x-openness/api/building-structure/overview.html; integration_api_url=https://developer.siemens.com/building-x-openness/api/building-structure/structure.openapi.yaml; tags=
commercial-buildings,Commercial Buildings,"Building operations, energy, security, and visitor workflows for connected facilities.",40,siemens,Siemens,,,"Siemens industrial software, infrastructure, transportation, healthcare, and building platform APIs exposed through the Siemens developer ecosystem.",10,accounts-api,Accounts API,Building X,built,OpenAPI,https://developer.siemens.com/building-x-openness/api/accounts-api/accounts.openapi.yaml,"RESTful API for discovering customer, partition, role, and user group access.",80,TRUE,source_key=siemens-developer-portal; source_product_line_slug=building-x-openness; source_product_line_name=Building X; scraped_source=https://developer.siemens.com/building-x-openness/api/accounts-api/overview.html; integration_api_url=https://developer.siemens.com/building-x-openness/api/accounts-api/accounts.openapi.yaml; tags=
commercial-buildings,Commercial Buildings,"Building operations, energy, security, and visitor workflows for connected facilities.",40,siemens,Siemens,,,"Siemens industrial software, infrastructure, transportation, healthcare, and building platform APIs exposed through the Siemens developer ecosystem.",10,fire-api,Fire API,Building X,built,OpenAPI,https://developer.siemens.com/building-x-openness/api/fire/fire.openapi.yaml,RESTful API for reading fire events of your site.,90,TRUE,source_key=siemens-developer-portal; source_product_line_slug=building-x-openness; source_product_line_name=Building X; scraped_source=https://developer.siemens.com/building-x-openness/api/fire/overview.html; integration_api_url=https://developer.siemens.com/building-x-openness/api/fire/fire.openapi.yaml; tags=
commercial-buildings,Commercial Buildings,"Building operations, energy, security, and visitor workflows for connected facilities.",40,siemens,Siemens,,,"Siemens industrial software, infrastructure, transportation, healthcare, and building platform APIs exposed through the Siemens developer ecosystem.",10,activities-api,Activities API,Building X,built,OpenAPI,https://developer.siemens.com/building-x-openness/api/activities-v1/activities.openapi.yaml,"RESTful API for retrieving events, alarms, and user operations produced by access system and security manager services.",100,TRUE,source_key=siemens-developer-portal; source_product_line_slug=building-x-openness; source_product_line_name=Building X; scraped_source=https://developer.siemens.com/building-x-openness/api/activities-v1/overview.html; integration_api_url=https://developer.siemens.com/building-x-openness/api/activities-v1/activities.openapi.yaml; tags=
commercial-buildings,Commercial Buildings,"Building operations, energy, security, and visitor workflows for connected facilities.",40,siemens,Siemens,,,"Siemens industrial software, infrastructure, transportation, healthcare, and building platform APIs exposed through the Siemens developer ecosystem.",10,security-identities-and-privileges-api,Security Identities and Privileges API,Building X,built,OpenAPI,https://developer.siemens.com/building-x-openness/api/security-api/piam-v1/security.openapi.yaml,RESTful API for creating and managing Identities and assigning configured privileges to an identity.,110,TRUE,source_key=siemens-developer-portal; source_product_line_slug=building-x-openness; source_product_line_name=Building X; scraped_source=https://developer.siemens.com/building-x-openness/api/security-api/piam-v1/overview.html; integration_api_url=https://developer.siemens.com/building-x-openness/api/security-api/piam-v1/security.openapi.yaml; tags=
commercial-buildings,Commercial Buildings,"Building operations, energy, security, and visitor workflows for connected facilities.",40,siemens,Siemens,,,"Siemens industrial software, infrastructure, transportation, healthcare, and building platform APIs exposed through the Siemens developer ecosystem.",10,security-workflow-api,Security Workflow API,Building X,built,OpenAPI,https://developer.siemens.com/building-x-openness/api/security-api/security-workflow-v1/security.workflow.openapi.yaml,RESTful API for listing available workflows and creating new workflow instances.,120,TRUE,source_key=siemens-developer-portal; source_product_line_slug=building-x-openness; source_product_line_name=Building X; scraped_source=https://developer.siemens.com/building-x-openness/api/security-api/security-workflow-v1/overview.html; integration_api_url=https://developer.siemens.com/building-x-openness/api/security-api/security-workflow-v1/security.workflow.openapi.yaml; tags=
commercial-buildings,Commercial Buildings,"Building operations, energy, security, and visitor workflows for connected facilities.",40,siemens,Siemens,,,"Siemens industrial software, infrastructure, transportation, healthcare, and building platform APIs exposed through the Siemens developer ecosystem.",10,security-intrusion-api,Security Intrusion API,Building X,built,OpenAPI,https://developer.siemens.com/building-x-openness/api/security-api/security-intrusion-v1/security.intrusion.openapi.yaml,RESTful API for information about all cloud-enabled Intrusion systems.,130,TRUE,source_key=siemens-developer-portal; source_product_line_slug=building-x-openness; source_product_line_name=Building X; scraped_source=https://developer.siemens.com/building-x-openness/api/security-api/security-intrusion-v1/overview.html; integration_api_url=https://developer.siemens.com/building-x-openness/api/security-api/security-intrusion-v1/security.intrusion.openapi.yaml; tags=
commercial-buildings,Commercial Buildings,"Building operations, energy, security, and visitor workflows for connected facilities.",40,siemens,Siemens,,,"Siemens industrial software, infrastructure, transportation, healthcare, and building platform APIs exposed through the Siemens developer ecosystem.",10,security-monitoring-api,Security Monitoring API,Building X,built,OpenAPI,https://developer.siemens.com/building-x-openness/api/security-api/security-monitoring-v1/security.monitoring.openapi.yaml,Retrieve security-related data of your connected devices.,140,TRUE,source_key=siemens-developer-portal; source_product_line_slug=building-x-openness; source_product_line_name=Building X; scraped_source=https://developer.siemens.com/building-x-openness/api/security-api/security-monitoring-v1/overview.html; integration_api_url=https://developer.siemens.com/building-x-openness/api/security-api/security-monitoring-v1/security.monitoring.openapi.yaml; tags=
commercial-buildings,Commercial Buildings,"Building operations, energy, security, and visitor workflows for connected facilities.",40,siemens,Siemens,,,"Siemens industrial software, infrastructure, transportation, healthcare, and building platform APIs exposed through the Siemens developer ecosystem.",10,point-value-ingest-api,Point Value Ingest API,Building X,built,OpenAPI,https://developer.siemens.com/building-x-openness/api/point-value-ingest-api/ingestion.openapi.yaml,RESTful API for setting values of a Point.,150,TRUE,source_key=siemens-developer-portal; source_product_line_slug=building-x-openness; source_product_line_name=Building X; scraped_source=https://developer.siemens.com/building-x-openness/api/point-value-ingest-api/overview.html; integration_api_url=https://developer.siemens.com/building-x-openness/api/point-value-ingest-api/ingestion.openapi.yaml; tags=
commercial-buildings,Commercial Buildings,"Building operations, energy, security, and visitor workflows for connected facilities.",40,siemens,Siemens,,,"Siemens industrial software, infrastructure, transportation, healthcare, and building platform APIs exposed through the Siemens developer ecosystem.",10,building-geometry-api,Building Geometry API,Building X,built,OpenAPI,https://developer.siemens.com/building-x-openness/api/geometry-api/geometry.openapi.yaml,RESTful API for creating and interacting with 2D geometry of building floorplans.,160,TRUE,source_key=siemens-developer-portal; source_product_line_slug=building-x-openness; source_product_line_name=Building X; scraped_source=https://developer.siemens.com/building-x-openness/api/geometry-api/overview.html; integration_api_url=https://developer.siemens.com/building-x-openness/api/geometry-api/geometry.openapi.yaml; tags=
commercial-buildings,Commercial Buildings,"Building operations, energy, security, and visitor workflows for connected facilities.",40,siemens,Siemens,,,"Siemens industrial software, infrastructure, transportation, healthcare, and building platform APIs exposed through the Siemens developer ecosystem.",10,energy-api,Energy API,Building X,built,OpenAPI,https://developer.siemens.com/building-x-openness/api/energy-api/energy.openapi.yaml,"RESTful API for reading energy consumption, emission, or cost data for a location or a meter in the granularity and for the period of interest.",170,TRUE,source_key=siemens-developer-portal; source_product_line_slug=building-x-openness; source_product_line_name=Building X; scraped_source=https://developer.siemens.com/building-x-openness/api/energy-api/overview.html; integration_api_url=https://developer.siemens.com/building-x-openness/api/energy-api/energy.openapi.yaml; tags=
commercial-buildings,Commercial Buildings,"Building operations, energy, security, and visitor workflows for connected facilities.",40,siemens,Siemens,,,"Siemens industrial software, infrastructure, transportation, healthcare, and building platform APIs exposed through the Siemens developer ecosystem.",10,lifecycle-twin-api,Lifecycle Twin API,Building X,built,OpenAPI,https://developer.siemens.com/building-x-openness/api/lifecycletwin-api/ecodomus-api-reference.yaml,RESTful API for creating and managing various objects in the Lifecycle Twin.,180,TRUE,source_key=siemens-developer-portal; source_product_line_slug=building-x-openness; source_product_line_name=Building X; scraped_source=https://developer.siemens.com/building-x-openness/api/lifecycletwin-api/overview.html; integration_api_url=https://developer.siemens.com/building-x-openness/api/lifecycletwin-api/ecodomus-api-reference.yaml; tags=
commercial-buildings,Commercial Buildings,"Building operations, energy, security, and visitor workflows for connected facilities.",40,siemens,Siemens,,,"Siemens industrial software, infrastructure, transportation, healthcare, and building platform APIs exposed through the Siemens developer ecosystem.",10,streaming-api,Streaming API,Building X,built,OpenAPI,https://developer.siemens.com/building-x-openness/api/streaming-api/streaming.openapi.yaml,RESTful API for configuring real-time data streaming.,190,TRUE,source_key=siemens-developer-portal; source_product_line_slug=building-x-openness; source_product_line_name=Building X; scraped_source=https://developer.siemens.com/building-x-openness/api/streaming-api/overview.html; integration_api_url=https://developer.siemens.com/building-x-openness/api/streaming-api/streaming.openapi.yaml; tags=
commercial-buildings,Commercial Buildings,"Building operations, energy, security, and visitor workflows for connected facilities.",40,siemens,Siemens,,,"Siemens industrial software, infrastructure, transportation, healthcare, and building platform APIs exposed through the Siemens developer ecosystem.",10,visitor-manager-api,Visitor Manager API,Building X,built,OpenAPI,https://developer.siemens.com/building-x-openness/api/visitormanager-api/visitormanager.openapi.yaml,RESTful API for retrieving and managing visitor information.,200,TRUE,source_key=siemens-developer-portal; source_product_line_slug=building-x-openness; source_product_line_name=Building X; scraped_source=https://developer.siemens.com/building-x-openness/api/visitormanager-api/overview.html; integration_api_url=https://developer.siemens.com/building-x-openness/api/visitormanager-api/visitormanager.openapi.yaml; tags=
commercial-buildings,Commercial Buildings,"Building operations, energy, security, and visitor workflows for connected facilities.",40,siemens,Siemens,,,"Siemens industrial software, infrastructure, transportation, healthcare, and building platform APIs exposed through the Siemens developer ecosystem.",10,sustainability-api,Sustainability API,Building X,built,OpenAPI,https://developer.siemens.com/building-x-openness/api/sustainability-api/sustainability.openapi.yaml,RESTful API for reading energy consumption and cost data for a customer.,210,TRUE,source_key=siemens-developer-portal; source_product_line_slug=building-x-openness; source_product_line_name=Building X; scraped_source=https://developer.siemens.com/building-x-openness/api/sustainability-api/overview.html; integration_api_url=https://developer.siemens.com/building-x-openness/api/sustainability-api/sustainability.openapi.yaml; tags=
manufacturing,Manufacturing,"Industrial automation, asset telemetry, edge systems, and operational workflows.",10,siemens,Siemens,,,"Siemens industrial software, infrastructure, transportation, healthcare, and building platform APIs exposed through the Siemens developer ecosystem.",10,charger-status-api,Charger Status API,DepotFinity,built,OpenAPI,https://developer.siemens.com/depotfinity/api_specs/ChargerStatusAPI-v2-0-0.yaml,"DepotFinity is a cloud-based software service that is used to monitor, report, schedule and manage the charging operations of chargers within a depot.",220,TRUE,source_key=siemens-developer-portal; source_product_line_slug=depotfinity; source_product_line_name=DepotFinity; scraped_source=https://developer.siemens.com/depotfinity/ChargerStatusAPI/charger_status_api.html; integration_api_url=https://developer.siemens.com/depotfinity/api_specs/ChargerStatusAPI-v2-0-0.yaml; tags=
manufacturing,Manufacturing,"Industrial automation, asset telemetry, edge systems, and operational workflows.",10,siemens,Siemens,,,"Siemens industrial software, infrastructure, transportation, healthcare, and building platform APIs exposed through the Siemens developer ecosystem.",10,charger-control-api,Charger Control API,DepotFinity,built,OpenAPI,https://developer.siemens.com/depotfinity/api_specs/ChargerControlAPI-v1-0-0.yaml,"DepotFinity is a cloud-based software service that is used to monitor, report, schedule and manage the charging operations of chargers within a depot.",230,TRUE,source_key=siemens-developer-portal; source_product_line_slug=depotfinity; source_product_line_name=DepotFinity; scraped_source=https://developer.siemens.com/depotfinity/ChargerControlAPI/charger_control_api.html; integration_api_url=https://developer.siemens.com/depotfinity/api_specs/ChargerControlAPI-v1-0-0.yaml; tags=
manufacturing,Manufacturing,"Industrial automation, asset telemetry, edge systems, and operational workflows.",10,siemens,Siemens,,,"Siemens industrial software, infrastructure, transportation, healthcare, and building platform APIs exposed through the Siemens developer ecosystem.",10,remote-command-api,Remote Command API,DepotFinity,built,OpenAPI,https://developer.siemens.com/depotfinity/api_specs/RemoteCommandAPI-v2-0-0.yaml,"DepotFinity is a cloud-based software service that is used to monitor, report, schedule and manage the charging operations of chargers within a depot.",240,TRUE,source_key=siemens-developer-portal; source_product_line_slug=depotfinity; source_product_line_name=DepotFinity; scraped_source=https://developer.siemens.com/depotfinity/RemoteCommandAPI/remote_command_api.html; integration_api_url=https://developer.siemens.com/depotfinity/api_specs/RemoteCommandAPI-v2-0-0.yaml; tags=
manufacturing,Manufacturing,"Industrial automation, asset telemetry, edge systems, and operational workflows.",10,siemens,Siemens,,,"Siemens industrial software, infrastructure, transportation, healthcare, and building platform APIs exposed through the Siemens developer ecosystem.",10,reservations-api,Reservations API,DepotFinity,built,OpenAPI,https://developer.siemens.com/depotfinity/api_specs/ReservationsAPI-v1-0-0.yaml,"DepotFinity is a cloud-based software service that is used to monitor, report, schedule and manage the charging operations of chargers within a depot.",250,TRUE,source_key=siemens-developer-portal; source_product_line_slug=depotfinity; source_product_line_name=DepotFinity; scraped_source=https://developer.siemens.com/depotfinity/ReservationsAPI/reservations_api.html; integration_api_url=https://developer.siemens.com/depotfinity/api_specs/ReservationsAPI-v1-0-0.yaml; tags=
manufacturing,Manufacturing,"Industrial automation, asset telemetry, edge systems, and operational workflows.",10,siemens,Siemens,,,"Siemens industrial software, infrastructure, transportation, healthcare, and building platform APIs exposed through the Siemens developer ecosystem.",10,rfid-management-api,RFID Management API,DepotFinity,built,OpenAPI,https://developer.siemens.com/depotfinity/api_specs/RFIDAPI-v2-0-0.yaml,"DepotFinity is a cloud-based software service that is used to monitor, report, schedule and manage the charging operations of chargers within a depot.",260,TRUE,source_key=siemens-developer-portal; source_product_line_slug=depotfinity; source_product_line_name=DepotFinity; scraped_source=https://developer.siemens.com/depotfinity/RFIDManagementAPI/rfid_management_api.html; integration_api_url=https://developer.siemens.com/depotfinity/api_specs/RFIDAPI-v2-0-0.yaml; tags=
manufacturing,Manufacturing,"Industrial automation, asset telemetry, edge systems, and operational workflows.",10,siemens,Siemens,,,"Siemens industrial software, infrastructure, transportation, healthcare, and building platform APIs exposed through the Siemens developer ecosystem.",10,transaction-management-api,Transaction Management API,DepotFinity,built,OpenAPI,https://developer.siemens.com/depotfinity/api_specs/TransactionsAPI-v2-0-0.yaml,"DepotFinity is a cloud-based software service that is used to monitor, report, schedule and manage the charging operations of chargers within a depot.",270,TRUE,source_key=siemens-developer-portal; source_product_line_slug=depotfinity; source_product_line_name=DepotFinity; scraped_source=https://developer.siemens.com/depotfinity/TransactionManagementAPI/transaction_management_api.html; integration_api_url=https://developer.siemens.com/depotfinity/api_specs/TransactionsAPI-v2-0-0.yaml; tags=
manufacturing,Manufacturing,"Industrial automation, asset telemetry, edge systems, and operational workflows.",10,siemens,Siemens,,,"Siemens industrial software, infrastructure, transportation, healthcare, and building platform APIs exposed through the Siemens developer ecosystem.",10,vdv-261-api,VDV-261 API,DepotFinity,built,OpenAPI,https://developer.siemens.com/depotfinity/api_specs/VDV261-v1-0-0.yaml,"DepotFinity is a cloud-based software service that is used to monitor, report, schedule and manage the charging operations of chargers within a depot.",280,TRUE,source_key=siemens-developer-portal; source_product_line_slug=depotfinity; source_product_line_name=DepotFinity; scraped_source=https://developer.siemens.com/depotfinity/VDV261/vdv261_api.html; integration_api_url=https://developer.siemens.com/depotfinity/api_specs/VDV261-v1-0-0.yaml; tags=
manufacturing,Manufacturing,"Industrial automation, asset telemetry, edge systems, and operational workflows.",10,siemens,Siemens,,,"Siemens industrial software, infrastructure, transportation, healthcare, and building platform APIs exposed through the Siemens developer ecosystem.",10,electrification-x-api,Electrification X API,Electrification X,built,OpenAPI,https://developer.siemens.com/electrification-x/api_specs/openapi-v1_0_0.yaml,Electrification X® combines the real and digital worlds in the Xcelerator IoT Software as a Service (SaaS) offering for Electrification & Automation to tackle the challenges of energy transition.,300,TRUE,source_key=siemens-developer-portal; source_product_line_slug=electrification-x; source_product_line_name=Electrification X; scraped_source=https://developer.siemens.com/electrification-x/api_specs/api_reference.html; integration_api_url=https://developer.siemens.com/electrification-x/api_specs/openapi-v1_0_0.yaml; tags=
manufacturing,Manufacturing,"Industrial automation, asset telemetry, edge systems, and operational workflows.",10,siemens,Siemens,,,"Siemens industrial software, infrastructure, transportation, healthcare, and building platform APIs exposed through the Siemens developer ecosystem.",10,occupancy-apis,Occupancy APIs,Enlighted,built,OpenAPI,https://developer.siemens.com/enlighted-apis/occupancy/occupancy.openapi.yaml,"The Enlighted lighting solution optimizes energy savings while enhancing occupant productivity, well-being, and security.",310,TRUE,source_key=siemens-developer-portal; source_product_line_slug=enlighted-apis; source_product_line_name=Enlighted; scraped_source=https://developer.siemens.com/enlighted-apis/occupancy/overview.html; integration_api_url=https://developer.siemens.com/enlighted-apis/occupancy/occupancy.openapi.yaml; tags=occupancy
manufacturing,Manufacturing,"Industrial automation, asset telemetry, edge systems, and operational workflows.",10,siemens,Siemens,,,"Siemens industrial software, infrastructure, transportation, healthcare, and building platform APIs exposed through the Siemens developer ecosystem.",10,location-services-rtls-apis,Location Services (RTLS) APIs,Enlighted,built,OpenAPI,https://developer.siemens.com/enlighted-apis/location-services/location.openapi.yaml,"The Enlighted lighting solution optimizes energy savings while enhancing occupant productivity, well-being, and security.",320,TRUE,source_key=siemens-developer-portal; source_product_line_slug=enlighted-apis; source_product_line_name=Enlighted; scraped_source=https://developer.siemens.com/enlighted-apis/location-services/overview.html; integration_api_url=https://developer.siemens.com/enlighted-apis/location-services/location.openapi.yaml; tags=location-services
manufacturing,Manufacturing,"Industrial automation, asset telemetry, edge systems, and operational workflows.",10,siemens,Siemens,,,"Siemens industrial software, infrastructure, transportation, healthcare, and building platform APIs exposed through the Siemens developer ecosystem.",10,energy-and-environment-apis,Energy and Environment APIs,Enlighted,built,OpenAPI,https://developer.siemens.com/enlighted-apis/energy-environment/energy-environment.openapi.yaml,"The Enlighted lighting solution optimizes energy savings while enhancing occupant productivity, well-being, and security.",330,TRUE,source_key=siemens-developer-portal; source_product_line_slug=enlighted-apis; source_product_line_name=Enlighted; scraped_source=https://developer.siemens.com/enlighted-apis/energy-environment/overview.html; integration_api_url=https://developer.siemens.com/enlighted-apis/energy-environment/energy-environment.openapi.yaml; tags=energy-and-environment
manufacturing,Manufacturing,"Industrial automation, asset telemetry, edge systems, and operational workflows.",10,siemens,Siemens,,,"Siemens industrial software, infrastructure, transportation, healthcare, and building platform APIs exposed through the Siemens developer ecosystem.",10,ai-asset-manager-aws-cloud-package-delivery-api,AI Asset Manager AWS Cloud Package Delivery API,Industrial AI Suite,built,REST API,https://developer.siemens.com/industrial-ai-suite/asset-manager/async-apis/aws-delivery-api/aws-delivery-api.yml,Revolutionize your AI operations across locations with seamless cloud integration. Our Industrial AI Suite runs on a new line of Industrial PCs powered by NVIDIA's GPUs accelerating AI execution. This makes complex AI tasks in advanced automation broadly available and boosts efficiency.,350,TRUE,source_key=siemens-developer-portal; source_product_line_slug=industrial-ai-suite; source_product_line_name=Industrial AI Suite; scraped_source=https://developer.siemens.com/industrial-ai-suite/asset-manager/async-apis/aws-delivery-api/api.html; integration_api_url=https://developer.siemens.com/industrial-ai-suite/asset-manager/async-apis/aws-delivery-api/aws-delivery-api.yml; tags=
manufacturing,Manufacturing,"Industrial automation, asset telemetry, edge systems, and operational workflows.",10,siemens,Siemens,,,"Siemens industrial software, infrastructure, transportation, healthcare, and building platform APIs exposed through the Siemens developer ecosystem.",10,ai-asset-manager-azure-cloud-package-delivery-api,AI Asset Manager Azure Cloud Package Delivery API,Industrial AI Suite,built,REST API,https://developer.siemens.com/industrial-ai-suite/asset-manager/async-apis/azure-delivery-api/azure-delivery-api.yml,Revolutionize your AI operations across locations with seamless cloud integration. Our Industrial AI Suite runs on a new line of Industrial PCs powered by NVIDIA's GPUs accelerating AI execution. This makes complex AI tasks in advanced automation broadly available and boosts efficiency.,360,TRUE,source_key=siemens-developer-portal; source_product_line_slug=industrial-ai-suite; source_product_line_name=Industrial AI Suite; scraped_source=https://developer.siemens.com/industrial-ai-suite/asset-manager/async-apis/azure-delivery-api/api.html; integration_api_url=https://developer.siemens.com/industrial-ai-suite/asset-manager/async-apis/azure-delivery-api/azure-delivery-api.yml; tags=
manufacturing,Manufacturing,"Industrial automation, asset telemetry, edge systems, and operational workflows.",10,siemens,Siemens,,,"Siemens industrial software, infrastructure, transportation, healthcare, and building platform APIs exposed through the Siemens developer ecosystem.",10,ai-asset-manager-cloud-api,AI Asset Manager Cloud API,Industrial AI Suite,built,REST API,https://developer.siemens.com/industrial-ai-suite/asset-manager/async-apis/cloud-api/cloud-api.yml,Revolutionize your AI operations across locations with seamless cloud integration. Our Industrial AI Suite runs on a new line of Industrial PCs powered by NVIDIA's GPUs accelerating AI execution. This makes complex AI tasks in advanced automation broadly available and boosts efficiency.,370,TRUE,source_key=siemens-developer-portal; source_product_line_slug=industrial-ai-suite; source_product_line_name=Industrial AI Suite; scraped_source=https://developer.siemens.com/industrial-ai-suite/asset-manager/async-apis/cloud-api/api.html; integration_api_url=https://developer.siemens.com/industrial-ai-suite/asset-manager/async-apis/cloud-api/cloud-api.yml; tags=
manufacturing,Manufacturing,"Industrial automation, asset telemetry, edge systems, and operational workflows.",10,siemens,Siemens,,,"Siemens industrial software, infrastructure, transportation, healthcare, and building platform APIs exposed through the Siemens developer ecosystem.",10,portal-api-1-9-0,Portal API 1.9.0,Industrial Edge,built,OpenAPI,https://developer.siemens.com/industrial-edge/api/iem/api-portal/v1.9.0/portal-1.9.0-openapi.yaml,"Industrial Edge is an open, ready-to-use edge computing platform, with edge devices, edge applications (apps) and connectivity through an integrated app and device management infrastructure.",420,TRUE,source_key=siemens-developer-portal; source_product_line_slug=industrial-edge; source_product_line_name=Industrial Edge; scraped_source=https://developer.siemens.com/industrial-edge/api/iem/api-portal/v1.9.0/api-portal-1-9-0.html; integration_api_url=https://developer.siemens.com/industrial-edge/api/iem/api-portal/v1.9.0/portal-1.9.0-openapi.yaml; tags=
manufacturing,Manufacturing,"Industrial automation, asset telemetry, edge systems, and operational workflows.",10,siemens,Siemens,,,"Siemens industrial software, infrastructure, transportation, healthcare, and building platform APIs exposed through the Siemens developer ecosystem.",10,ie-device-apis,IE Device APIs,Industrial Edge,built,OpenAPI,https://developer.siemens.com/industrial-edge/api/ied/ied-api/v2.5.0/ied-2.5.0-openapi.yaml,"Industrial Edge is an open, ready-to-use edge computing platform, with edge devices, edge applications (apps) and connectivity through an integrated app and device management infrastructure.",430,TRUE,source_key=siemens-developer-portal; source_product_line_slug=industrial-edge; source_product_line_name=Industrial Edge; scraped_source=https://developer.siemens.com/industrial-edge/api/ied/overview.html; integration_api_url=https://developer.siemens.com/industrial-edge/api/ied/ied-api/v2.5.0/ied-2.5.0-openapi.yaml; tags=
manufacturing,Manufacturing,"Industrial automation, asset telemetry, edge systems, and operational workflows.",10,siemens,Siemens,,,"Siemens industrial software, infrastructure, transportation, healthcare, and building platform APIs exposed through the Siemens developer ecosystem.",10,industrial-edge-management-apis,Industrial Edge Management APIs,Industrial Edge,built,OpenAPI,https://developer.siemens.com/industrial-edge/api/iem/api-admin/v1.0.0/admin-1.0.0-openapi.yaml,"Industrial Edge is an open, ready-to-use edge computing platform, with edge devices, edge applications (apps) and connectivity through an integrated app and device management infrastructure.",440,TRUE,source_key=siemens-developer-portal; source_product_line_slug=industrial-edge; source_product_line_name=Industrial Edge; scraped_source=https://developer.siemens.com/industrial-edge/api/iem/overview.html; integration_api_url=https://developer.siemens.com/industrial-edge/api/iem/api-admin/v1.0.0/admin-1.0.0-openapi.yaml; tags=
manufacturing,Manufacturing,"Industrial automation, asset telemetry, edge systems, and operational workflows.",10,siemens,Siemens,,,"Siemens industrial software, infrastructure, transportation, healthcare, and building platform APIs exposed through the Siemens developer ecosystem.",10,industrial-edge-management-v2-apis,Industrial Edge Management V2 APIs,Industrial Edge,built,OpenAPI,https://developer.siemens.com/industrial-edge/api/iemV2/api-portal/portal-dev-v2-openapi.yaml,"Industrial Edge is an open, ready-to-use edge computing platform, with edge devices, edge applications (apps) and connectivity through an integrated app and device management infrastructure.",450,TRUE,source_key=siemens-developer-portal; source_product_line_slug=industrial-edge; source_product_line_name=Industrial Edge; scraped_source=https://developer.siemens.com/industrial-edge/api/iemV2/overview.html; integration_api_url=https://developer.siemens.com/industrial-edge/api/iemV2/api-portal/portal-dev-v2-openapi.yaml; tags=
manufacturing,Manufacturing,"Industrial automation, asset telemetry, edge systems, and operational workflows.",10,siemens,Siemens,,,"Siemens industrial software, infrastructure, transportation, healthcare, and building platform APIs exposed through the Siemens developer ecosystem.",10,flow-creator-configurator-apis,Flow Creator Configurator APIs,Industrial Edge,built,OpenAPI,https://developer.siemens.com/industrial-edge/api/flowcreator_configurator/v2.0.0/iefc-2.0.0-openapi.yaml,"Industrial Edge is an open, ready-to-use edge computing platform, with edge devices, edge applications (apps) and connectivity through an integrated app and device management infrastructure.",520,TRUE,source_key=siemens-developer-portal; source_product_line_slug=industrial-edge; source_product_line_name=Industrial Edge; scraped_source=https://developer.siemens.com/industrial-edge/api/flowcreator_configurator/overview.html; integration_api_url=https://developer.siemens.com/industrial-edge/api/flowcreator_configurator/v2.0.0/iefc-2.0.0-openapi.yaml; tags=
manufacturing,Manufacturing,"Industrial automation, asset telemetry, edge systems, and operational workflows.",10,siemens,Siemens,,,"Siemens industrial software, infrastructure, transportation, healthcare, and building platform APIs exposed through the Siemens developer ecosystem.",10,external-databus-apis,External Databus APIs,Industrial Edge,built,OpenAPI,https://developer.siemens.com/industrial-edge/api/external_databus/v1.0.0/external_databus_V1.0.0_openapi.yaml,"Industrial Edge is an open, ready-to-use edge computing platform, with edge devices, edge applications (apps) and connectivity through an integrated app and device management infrastructure.",530,TRUE,source_key=siemens-developer-portal; source_product_line_slug=industrial-edge; source_product_line_name=Industrial Edge; scraped_source=https://developer.siemens.com/industrial-edge/api/external_databus/overview.html; integration_api_url=https://developer.siemens.com/industrial-edge/api/external_databus/v1.0.0/external_databus_V1.0.0_openapi.yaml; tags=
manufacturing,Manufacturing,"Industrial automation, asset telemetry, edge systems, and operational workflows.",10,siemens,Siemens,,,"Siemens industrial software, infrastructure, transportation, healthcare, and building platform APIs exposed through the Siemens developer ecosystem.",10,industrial-edge-common-databus-payload-format,Industrial Edge Common Databus Payload Format,Industrial Edge,built,OpenAPI,https://developer.siemens.com/industrial-edge/api/databus/profinet_v1.2.0/asyncapi_profinet_io_conn.yaml,"Industrial Edge is an open, ready-to-use edge computing platform, with edge devices, edge applications (apps) and connectivity through an integrated app and device management infrastructure.",600,TRUE,"source_key=siemens-developer-portal; source_product_line_slug=industrial-edge; source_product_line_name=Industrial Edge; scraped_source=https://developer.siemens.com/industrial-edge/api/databus/overview.html; integration_api_url=https://developer.siemens.com/industrial-edge/api/databus/profinet_v1.2.0/asyncapi_profinet_io_conn.yaml; tags=common-payload-format,databus,industrial-edge,mqtt"
manufacturing,Manufacturing,"Industrial automation, asset telemetry, edge systems, and operational workflows.",10,siemens,Siemens,,,"Siemens industrial software, infrastructure, transportation, healthcare, and building platform APIs exposed through the Siemens developer ecosystem.",10,iih-essentials-apis,IIH Essentials APIs,Industrial Information Hub,built,OpenAPI,https://developer.siemens.com/industrial-information-hub/api/iih-essentials/v2.4/iih-essentials-2.4.0-openapi.json,The Industrial Information Hub (IIH) is a collection of Industrial Edge apps for data integration. It captures data at the automation level and provides it to the IT level of a factory.,610,TRUE,source_key=siemens-developer-portal; source_product_line_slug=industrial-information-hub; source_product_line_name=Industrial Information Hub; scraped_source=https://developer.siemens.com/industrial-information-hub/api/iih-essentials/overview.html; integration_api_url=https://developer.siemens.com/industrial-information-hub/api/iih-essentials/v2.4/iih-essentials-2.4.0-openapi.json; tags=
manufacturing,Manufacturing,"Industrial automation, asset telemetry, edge systems, and operational workflows.",10,siemens,Siemens,,,"Siemens industrial software, infrastructure, transportation, healthcare, and building platform APIs exposed through the Siemens developer ecosystem.",10,iih-semantics-apis,IIH Semantics APIs,Industrial Information Hub,built,OpenAPI,https://developer.siemens.com/industrial-information-hub/api/iih-semantics/v2.4/iih-semantics-2.4.0.openapi.json,The Industrial Information Hub (IIH) is a collection of Industrial Edge apps for data integration. It captures data at the automation level and provides it to the IT level of a factory.,620,TRUE,source_key=siemens-developer-portal; source_product_line_slug=industrial-information-hub; source_product_line_name=Industrial Information Hub; scraped_source=https://developer.siemens.com/industrial-information-hub/api/iih-semantics/overview.html; integration_api_url=https://developer.siemens.com/industrial-information-hub/api/iih-semantics/v2.4/iih-semantics-2.4.0.openapi.json; tags=
manufacturing,Manufacturing,"Industrial automation, asset telemetry, edge systems, and operational workflows.",10,siemens,Siemens,,,"Siemens industrial software, infrastructure, transportation, healthcare, and building platform APIs exposed through the Siemens developer ecosystem.",10,mindconnect-nodejs,MindConnect-NodeJS,Industrial Iot Open Source,built,SDK,https://developer.siemens.com/agentconfig.json,"Demo applications, libraries and SDKs as well as useful connectivity tools which are maintained and released as open source software.",650,TRUE,source_key=siemens-developer-portal; source_product_line_slug=industrial-iot-open-source; source_product_line_name=Industrial Iot Open Source; scraped_source=https://developer.siemens.com/industrial-iot-open-source/mindconnect-nodejs/index.html; integration_api_url=https://developer.siemens.com/agentconfig.json; tags=industrial-iot-tools-and-libraries
manufacturing,Manufacturing,"Industrial automation, asset telemetry, edge systems, and operational workflows.",10,siemens,Siemens,,,"Siemens industrial software, infrastructure, transportation, healthcare, and building platform APIs exposed through the Siemens developer ecosystem.",10,mindconnect-node-red-node-overview,MindConnect Node-RED Node Overview,Industrial Iot Open Source,built,SDK,https://developer.siemens.com/agentconfig.json,"Demo applications, libraries and SDKs as well as useful connectivity tools which are maintained and released as open source software.",660,TRUE,source_key=siemens-developer-portal; source_product_line_slug=industrial-iot-open-source; source_product_line_name=Industrial Iot Open Source; scraped_source=https://developer.siemens.com/industrial-iot-open-source/node-red-contrib-mindconnect/index.html; integration_api_url=https://developer.siemens.com/agentconfig.json; tags=industrial-iot-tools-and-libraries
manufacturing,Manufacturing,"Industrial automation, asset telemetry, edge systems, and operational workflows.",10,siemens,Siemens,,,"Siemens industrial software, infrastructure, transportation, healthcare, and building platform APIs exposed through the Siemens developer ecosystem.",10,identity-management,Identity Management,Insights Hub,built,OpenAPI,https://developer.siemens.com/insights-hub/api_specs/identitymanagement-v3-3-2.yaml,Insights Hub drives smart manufacturing through the industrial Internet of Things. Gain actionable insights with asset and operational data and improve your processes.,690,TRUE,source_key=siemens-developer-portal; source_product_line_slug=insights-hub; source_product_line_name=Insights Hub; scraped_source=https://developer.siemens.com/insights-hub/docs/apis/core-identitymanagement/api-identitymanagement-overview.html; integration_api_url=https://developer.siemens.com/insights-hub/api_specs/identitymanagement-v3-3-2.yaml; tags=
manufacturing,Manufacturing,"Industrial automation, asset telemetry, edge systems, and operational workflows.",10,siemens,Siemens,,,"Siemens industrial software, infrastructure, transportation, healthcare, and building platform APIs exposed through the Siemens developer ecosystem.",10,resource-access-management,Resource Access Management,Insights Hub,built,OpenAPI,https://developer.siemens.com/insights-hub/api_specs/resourceaccessmanagement-v3-2-0.yaml,Insights Hub drives smart manufacturing through the industrial Internet of Things. Gain actionable insights with asset and operational data and improve your processes.,700,TRUE,source_key=siemens-developer-portal; source_product_line_slug=insights-hub; source_product_line_name=Insights Hub; scraped_source=https://developer.siemens.com/insights-hub/docs/apis/core-resourceaccessmanagement/api-resourceaccessmanagement-overview.html; integration_api_url=https://developer.siemens.com/insights-hub/api_specs/resourceaccessmanagement-v3-2-0.yaml; tags=
manufacturing,Manufacturing,"Industrial automation, asset telemetry, edge systems, and operational workflows.",10,siemens,Siemens,,,"Siemens industrial software, infrastructure, transportation, healthcare, and building platform APIs exposed through the Siemens developer ecosystem.",10,message-broker-developer-documentation,Message Broker - Developer Documentation,Insights Hub,built,OpenAPI,https://developer.siemens.com/insights-hub/api_specs/messagebroker-v3-0-2.yaml,Insights Hub drives smart manufacturing through the industrial Internet of Things. Gain actionable insights with asset and operational data and improve your processes.,710,TRUE,source_key=siemens-developer-portal; source_product_line_slug=insights-hub; source_product_line_name=Insights Hub; scraped_source=https://developer.siemens.com/insights-hub/docs/apis/core-messagebroker/api-messagebroker-overview.html; integration_api_url=https://developer.siemens.com/insights-hub/api_specs/messagebroker-v3-0-2.yaml; tags=
manufacturing,Manufacturing,"Industrial automation, asset telemetry, edge systems, and operational workflows.",10,siemens,Siemens,,,"Siemens industrial software, infrastructure, transportation, healthcare, and building platform APIs exposed through the Siemens developer ecosystem.",10,oauth-authorization-server-api,OAuth Authorization Server (API),Insights Hub,built,OpenAPI,https://developer.siemens.com/insights-hub/api_specs/oauthauthorizationserver-v3-1.yaml,Insights Hub drives smart manufacturing through the industrial Internet of Things. Gain actionable insights with asset and operational data and improve your processes.,720,TRUE,source_key=siemens-developer-portal; source_product_line_slug=insights-hub; source_product_line_name=Insights Hub; scraped_source=https://developer.siemens.com/insights-hub/docs/apis/core-oauthauthorizationserver/api-oauthauthorizationserver-overview.html; integration_api_url=https://developer.siemens.com/insights-hub/api_specs/oauthauthorizationserver-v3-1.yaml; tags=
manufacturing,Manufacturing,"Industrial automation, asset telemetry, edge systems, and operational workflows.",10,siemens,Siemens,,,"Siemens industrial software, infrastructure, transportation, healthcare, and building platform APIs exposed through the Siemens developer ecosystem.",10,tenant-management-service,Tenant Management Service,Insights Hub,built,OpenAPI,https://developer.siemens.com/insights-hub/api_specs/tenantmanagement-v4-7-0.yaml,Insights Hub drives smart manufacturing through the industrial Internet of Things. Gain actionable insights with asset and operational data and improve your processes.,730,TRUE,source_key=siemens-developer-portal; source_product_line_slug=insights-hub; source_product_line_name=Insights Hub; scraped_source=https://developer.siemens.com/insights-hub/docs/apis/core-tenantmanagement/api-tenantmanagement-overview.html; integration_api_url=https://developer.siemens.com/insights-hub/api_specs/tenantmanagement-v4-7-0.yaml; tags=
manufacturing,Manufacturing,"Industrial automation, asset telemetry, edge systems, and operational workflows.",10,siemens,Siemens,,,"Siemens industrial software, infrastructure, transportation, healthcare, and building platform APIs exposed through the Siemens developer ecosystem.",10,token-management-service,Token Management Service,Insights Hub,built,OpenAPI,https://developer.siemens.com/insights-hub/api_specs/tokenmanager-v3-5-0.yaml,Insights Hub drives smart manufacturing through the industrial Internet of Things. Gain actionable insights with asset and operational data and improve your processes.,740,TRUE,source_key=siemens-developer-portal; source_product_line_slug=insights-hub; source_product_line_name=Insights Hub; scraped_source=https://developer.siemens.com/insights-hub/docs/apis/exchange-tokenmanager/api-tokenmanager-overview.html; integration_api_url=https://developer.siemens.com/insights-hub/api_specs/tokenmanager-v3-5-0.yaml; tags=
manufacturing,Manufacturing,"Industrial automation, asset telemetry, edge systems, and operational workflows.",10,siemens,Siemens,,,"Siemens industrial software, infrastructure, transportation, healthcare, and building platform APIs exposed through the Siemens developer ecosystem.",10,usage-transparency-service,Usage Transparency Service,Insights Hub,built,OpenAPI,https://developer.siemens.com/insights-hub/api_specs/usagetransparency-v3-2-0.yaml,Insights Hub drives smart manufacturing through the industrial Internet of Things. Gain actionable insights with asset and operational data and improve your processes.,750,TRUE,source_key=siemens-developer-portal; source_product_line_slug=insights-hub; source_product_line_name=Insights Hub; scraped_source=https://developer.siemens.com/insights-hub/docs/apis/core-usagetransparency/api-usagetransparency-overview.html; integration_api_url=https://developer.siemens.com/insights-hub/api_specs/usagetransparency-v3-2-0.yaml; tags=
manufacturing,Manufacturing,"Industrial automation, asset telemetry, edge systems, and operational workflows.",10,siemens,Siemens,,,"Siemens industrial software, infrastructure, transportation, healthcare, and building platform APIs exposed through the Siemens developer ecosystem.",10,iot-file-service,IoT File Service,Insights Hub,built,OpenAPI,https://developer.siemens.com/insights-hub/api_specs/iotfile-v3-6-0-eu1.yaml,Insights Hub drives smart manufacturing through the industrial Internet of Things. Gain actionable insights with asset and operational data and improve your processes.,760,TRUE,source_key=siemens-developer-portal; source_product_line_slug=insights-hub; source_product_line_name=Insights Hub; scraped_source=https://developer.siemens.com/insights-hub/docs/apis/iot-iotfile/api-iotfile-overview.html; integration_api_url=https://developer.siemens.com/insights-hub/api_specs/iotfile-v3-6-0-eu1.yaml; tags=
manufacturing,Manufacturing,"Industrial automation, asset telemetry, edge systems, and operational workflows.",10,siemens,Siemens,,,"Siemens industrial software, infrastructure, transportation, healthcare, and building platform APIs exposed through the Siemens developer ecosystem.",10,iot-time-series-service,IoT Time Series Service,Insights Hub,built,OpenAPI,https://developer.siemens.com/insights-hub/api_specs/iottimeseries-v3-7-1.yaml,Insights Hub drives smart manufacturing through the industrial Internet of Things. Gain actionable insights with asset and operational data and improve your processes.,770,TRUE,source_key=siemens-developer-portal; source_product_line_slug=insights-hub; source_product_line_name=Insights Hub; scraped_source=https://developer.siemens.com/insights-hub/docs/apis/iot-iottimeseries/api-iottimeseries-overview.html; integration_api_url=https://developer.siemens.com/insights-hub/api_specs/iottimeseries-v3-7-1.yaml; tags=
manufacturing,Manufacturing,"Industrial automation, asset telemetry, edge systems, and operational workflows.",10,siemens,Siemens,,,"Siemens industrial software, infrastructure, transportation, healthcare, and building platform APIs exposed through the Siemens developer ecosystem.",10,notification-for-new-arrival-of-timeseries-data,Notification for New Arrival of Timeseries Data,Insights Hub,built,OpenAPI,https://developer.siemens.com/insights-hub/api_specs/iottimeseries-async-v3-0-1.yaml,Insights Hub drives smart manufacturing through the industrial Internet of Things. Gain actionable insights with asset and operational data and improve your processes.,780,TRUE,source_key=siemens-developer-portal; source_product_line_slug=insights-hub; source_product_line_name=Insights Hub; scraped_source=https://developer.siemens.com/insights-hub/docs/apis/iot-iottimeseries/api-subscription-notification-overview.html; integration_api_url=https://developer.siemens.com/insights-hub/api_specs/iottimeseries-async-v3-0-1.yaml; tags=
manufacturing,Manufacturing,"Industrial automation, asset telemetry, edge systems, and operational workflows.",10,siemens,Siemens,,,"Siemens industrial software, infrastructure, transportation, healthcare, and building platform APIs exposed through the Siemens developer ecosystem.",10,iot-time-series-bulk-service,IoT Time Series Bulk Service,Insights Hub,built,OpenAPI,https://developer.siemens.com/insights-hub/api_specs/iottsbulk-v3-8-1.yaml,Insights Hub drives smart manufacturing through the industrial Internet of Things. Gain actionable insights with asset and operational data and improve your processes.,800,TRUE,source_key=siemens-developer-portal; source_product_line_slug=insights-hub; source_product_line_name=Insights Hub; scraped_source=https://developer.siemens.com/insights-hub/docs/apis/iot-iottsbulk/api-iottsbulk-overview.html; integration_api_url=https://developer.siemens.com/insights-hub/api_specs/iottsbulk-v3-8-1.yaml; tags=
manufacturing,Manufacturing,"Industrial automation, asset telemetry, edge systems, and operational workflows.",10,siemens,Siemens,,,"Siemens industrial software, infrastructure, transportation, healthcare, and building platform APIs exposed through the Siemens developer ecosystem.",10,integrated-data-lake-service,Integrated Data Lake Service,Insights Hub,built,OpenAPI,https://developer.siemens.com/insights-hub/api_specs/integrated-data-lake-v3-11-0-eu1.yaml,Insights Hub drives smart manufacturing through the industrial Internet of Things. Gain actionable insights with asset and operational data and improve your processes.,810,TRUE,source_key=siemens-developer-portal; source_product_line_slug=insights-hub; source_product_line_name=Insights Hub; scraped_source=https://developer.siemens.com/insights-hub/docs/apis/iot-integrated-data-lake/api-integrated-data-lake-overview.html; integration_api_url=https://developer.siemens.com/insights-hub/api_specs/integrated-data-lake-v3-11-0-eu1.yaml; tags=
manufacturing,Manufacturing,"Industrial automation, asset telemetry, edge systems, and operational workflows.",10,siemens,Siemens,,,"Siemens industrial software, infrastructure, transportation, healthcare, and building platform APIs exposed through the Siemens developer ecosystem.",10,agent-management-service,Agent Management Service,Insights Hub,built,OpenAPI,https://developer.siemens.com/insights-hub/api_specs/agentmanagement-v3-5-2.yaml,Insights Hub drives smart manufacturing through the industrial Internet of Things. Gain actionable insights with asset and operational data and improve your processes.,820,TRUE,source_key=siemens-developer-portal; source_product_line_slug=insights-hub; source_product_line_name=Insights Hub; scraped_source=https://developer.siemens.com/insights-hub/docs/apis/connectivity-agentmanagement/api-agentmanagement-overview.html; integration_api_url=https://developer.siemens.com/insights-hub/api_specs/agentmanagement-v3-5-2.yaml; tags=
manufacturing,Manufacturing,"Industrial automation, asset telemetry, edge systems, and operational workflows.",10,siemens,Siemens,,,"Siemens industrial software, infrastructure, transportation, healthcare, and building platform APIs exposed through the Siemens developer ecosystem.",10,mindconnect-api,MindConnect API,Insights Hub,built,OpenAPI,https://developer.siemens.com/insights-hub/api_specs/mindconnect-v3-6-0.yaml,Insights Hub drives smart manufacturing through the industrial Internet of Things. Gain actionable insights with asset and operational data and improve your processes.,840,TRUE,source_key=siemens-developer-portal; source_product_line_slug=insights-hub; source_product_line_name=Insights Hub; scraped_source=https://developer.siemens.com/insights-hub/docs/apis/connectivity-mindconnect/api-mindconnect-overview.html; integration_api_url=https://developer.siemens.com/insights-hub/api_specs/mindconnect-v3-6-0.yaml; tags=
manufacturing,Manufacturing,"Industrial automation, asset telemetry, edge systems, and operational workflows.",10,siemens,Siemens,,,"Siemens industrial software, infrastructure, transportation, healthcare, and building platform APIs exposed through the Siemens developer ecosystem.",10,mindconnect-mqtt-api,MindConnect MQTT API,Insights Hub,built,MQTT API,https://developer.siemens.com/insights-hub/api_specs/mindconnect-mqtt-v3-0-0-rancher.yaml,Insights Hub drives smart manufacturing through the industrial Internet of Things. Gain actionable insights with asset and operational data and improve your processes.,860,TRUE,source_key=siemens-developer-portal; source_product_line_slug=insights-hub; source_product_line_name=Insights Hub; scraped_source=https://developer.siemens.com/insights-hub/docs/apis/connectivity-mindconnect-mqtt/api-mindconnect-mqtt-overview.html; integration_api_url=https://developer.siemens.com/insights-hub/api_specs/mindconnect-mqtt-v3-0-0-rancher.yaml; tags=
manufacturing,Manufacturing,"Industrial automation, asset telemetry, edge systems, and operational workflows.",10,siemens,Siemens,,,"Siemens industrial software, infrastructure, transportation, healthcare, and building platform APIs exposed through the Siemens developer ecosystem.",10,asset-management-service,Asset Management Service,Insights Hub,built,OpenAPI,https://developer.siemens.com/insights-hub/api_specs/assetmanagement-v3-18-4.yaml,Insights Hub drives smart manufacturing through the industrial Internet of Things. Gain actionable insights with asset and operational data and improve your processes.,900,TRUE,source_key=siemens-developer-portal; source_product_line_slug=insights-hub; source_product_line_name=Insights Hub; scraped_source=https://developer.siemens.com/insights-hub/docs/apis/advanced-assetmanagement/api-assetmanagement-overview.html; integration_api_url=https://developer.siemens.com/insights-hub/api_specs/assetmanagement-v3-18-4.yaml; tags=
manufacturing,Manufacturing,"Industrial automation, asset telemetry, edge systems, and operational workflows.",10,siemens,Siemens,,,"Siemens industrial software, infrastructure, transportation, healthcare, and building platform APIs exposed through the Siemens developer ecosystem.",10,event-management,Event Management,Insights Hub,built,OpenAPI,https://developer.siemens.com/insights-hub/api_specs/eventmanagement-v3-16-3.yaml,Insights Hub drives smart manufacturing through the industrial Internet of Things. Gain actionable insights with asset and operational data and improve your processes.,920,TRUE,source_key=siemens-developer-portal; source_product_line_slug=insights-hub; source_product_line_name=Insights Hub; scraped_source=https://developer.siemens.com/insights-hub/docs/apis/advanced-eventmanagement/api-eventmanagement-overview.html; integration_api_url=https://developer.siemens.com/insights-hub/api_specs/eventmanagement-v3-16-3.yaml; tags=
manufacturing,Manufacturing,"Industrial automation, asset telemetry, edge systems, and operational workflows.",10,siemens,Siemens,,,"Siemens industrial software, infrastructure, transportation, healthcare, and building platform APIs exposed through the Siemens developer ecosystem.",10,notification-service,Notification Service,Insights Hub,built,OpenAPI,https://developer.siemens.com/insights-hub/api_specs/notification-v4-4-2.yaml,Insights Hub drives smart manufacturing through the industrial Internet of Things. Gain actionable insights with asset and operational data and improve your processes.,940,TRUE,source_key=siemens-developer-portal; source_product_line_slug=insights-hub; source_product_line_name=Insights Hub; scraped_source=https://developer.siemens.com/insights-hub/docs/apis/advanced-notification/api-notification-overview.html; integration_api_url=https://developer.siemens.com/insights-hub/api_specs/notification-v4-4-2.yaml; tags=
manufacturing,Manufacturing,"Industrial automation, asset telemetry, edge systems, and operational workflows.",10,siemens,Siemens,,,"Siemens industrial software, infrastructure, transportation, healthcare, and building platform APIs exposed through the Siemens developer ecosystem.",10,case-management-service,Case Management Service,Insights Hub,built,OpenAPI,https://developer.siemens.com/insights-hub/api_specs/cases-v3-5-0.yaml,Insights Hub drives smart manufacturing through the industrial Internet of Things. Gain actionable insights with asset and operational data and improve your processes.,950,TRUE,source_key=siemens-developer-portal; source_product_line_slug=insights-hub; source_product_line_name=Insights Hub; scraped_source=https://developer.siemens.com/insights-hub/docs/apis/advanced-casemanagement/api-casemanagement-overview.html; integration_api_url=https://developer.siemens.com/insights-hub/api_specs/cases-v3-5-0.yaml; tags=
manufacturing,Manufacturing,"Industrial automation, asset telemetry, edge systems, and operational workflows.",10,siemens,Siemens,,,"Siemens industrial software, infrastructure, transportation, healthcare, and building platform APIs exposed through the Siemens developer ecosystem.",10,visual-flow-creator-service,Visual Flow Creator Service,Insights Hub,built,OpenAPI,https://developer.siemens.com/insights-hub/api_specs/visual-flow-creator-v3-0-0.yaml,Insights Hub drives smart manufacturing through the industrial Internet of Things. Gain actionable insights with asset and operational data and improve your processes.,960,TRUE,source_key=siemens-developer-portal; source_product_line_slug=insights-hub; source_product_line_name=Insights Hub; scraped_source=https://developer.siemens.com/insights-hub/docs/apis/advanced-visual-flow-creator/api-visual-flow-creator-overview.html; integration_api_url=https://developer.siemens.com/insights-hub/api_specs/visual-flow-creator-v3-0-0.yaml; tags=
manufacturing,Manufacturing,"Industrial automation, asset telemetry, edge systems, and operational workflows.",10,siemens,Siemens,,,"Siemens industrial software, infrastructure, transportation, healthcare, and building platform APIs exposed through the Siemens developer ecosystem.",10,rules-management-service,Rules Management Service,Insights Hub,built,OpenAPI,https://developer.siemens.com/insights-hub/api_specs/rulesmanagement-v4-0-0.yaml,Insights Hub drives smart manufacturing through the industrial Internet of Things. Gain actionable insights with asset and operational data and improve your processes.,970,TRUE,source_key=siemens-developer-portal; source_product_line_slug=insights-hub; source_product_line_name=Insights Hub; scraped_source=https://developer.siemens.com/insights-hub/docs/apis/advanced-rulesmanagement/api-rulesmanagement-overview.html; integration_api_url=https://developer.siemens.com/insights-hub/api_specs/rulesmanagement-v4-0-0.yaml; tags=
manufacturing,Manufacturing,"Industrial automation, asset telemetry, edge systems, and operational workflows.",10,siemens,Siemens,,,"Siemens industrial software, infrastructure, transportation, healthcare, and building platform APIs exposed through the Siemens developer ecosystem.",10,data-exchange-service,Data Exchange Service,Insights Hub,built,OpenAPI,https://developer.siemens.com/insights-hub/api_specs/dataexchange-v3-0-1.yaml,Insights Hub drives smart manufacturing through the industrial Internet of Things. Gain actionable insights with asset and operational data and improve your processes.,980,TRUE,source_key=siemens-developer-portal; source_product_line_slug=insights-hub; source_product_line_name=Insights Hub; scraped_source=https://developer.siemens.com/insights-hub/docs/apis/analytics-dataexchange/api-dataexchange-overview.html; integration_api_url=https://developer.siemens.com/insights-hub/api_specs/dataexchange-v3-0-1.yaml; tags=
manufacturing,Manufacturing,"Industrial automation, asset telemetry, edge systems, and operational workflows.",10,siemens,Siemens,,,"Siemens industrial software, infrastructure, transportation, healthcare, and building platform APIs exposed through the Siemens developer ecosystem.",10,job-manager-service,Job Manager Service,Insights Hub,built,OpenAPI,https://developer.siemens.com/insights-hub/api_specs/jobmanager-v3-2-0.yaml,Insights Hub drives smart manufacturing through the industrial Internet of Things. Gain actionable insights with asset and operational data and improve your processes.,990,TRUE,source_key=siemens-developer-portal; source_product_line_slug=insights-hub; source_product_line_name=Insights Hub; scraped_source=https://developer.siemens.com/insights-hub/docs/apis/analytics-jobmanager/api-jobmanager-overview.html; integration_api_url=https://developer.siemens.com/insights-hub/api_specs/jobmanager-v3-2-0.yaml; tags=
manufacturing,Manufacturing,"Industrial automation, asset telemetry, edge systems, and operational workflows.",10,siemens,Siemens,,,"Siemens industrial software, infrastructure, transportation, healthcare, and building platform APIs exposed through the Siemens developer ecosystem.",10,model-management-service,Model Management Service,Insights Hub,built,OpenAPI,https://developer.siemens.com/insights-hub/api_specs/modelmanagement-v3-2-0.yaml,Insights Hub drives smart manufacturing through the industrial Internet of Things. Gain actionable insights with asset and operational data and improve your processes.,1000,TRUE,source_key=siemens-developer-portal; source_product_line_slug=insights-hub; source_product_line_name=Insights Hub; scraped_source=https://developer.siemens.com/insights-hub/docs/apis/analytics-modelmanagement/api-modelmanagement-overview.html; integration_api_url=https://developer.siemens.com/insights-hub/api_specs/modelmanagement-v3-2-0.yaml; tags=
manufacturing,Manufacturing,"Industrial automation, asset telemetry, edge systems, and operational workflows.",10,siemens,Siemens,,,"Siemens industrial software, infrastructure, transportation, healthcare, and building platform APIs exposed through the Siemens developer ecosystem.",10,opcenter-intelligence-service,Opcenter Intelligence Service -,Insights Hub,built,OpenAPI,https://developer.siemens.com/insights-hub/api_specs/ocin-proxy-app-v1-0-0.yaml,Insights Hub drives smart manufacturing through the industrial Internet of Things. Gain actionable insights with asset and operational data and improve your processes.,1010,TRUE,source_key=siemens-developer-portal; source_product_line_slug=insights-hub; source_product_line_name=Insights Hub; scraped_source=https://developer.siemens.com/insights-hub/docs/apis/advanced-opcenter-intelligence/api-opcenter-intelligence-overview.html; integration_api_url=https://developer.siemens.com/insights-hub/api_specs/ocin-proxy-app-v1-0-0.yaml; tags=
manufacturing,Manufacturing,"Industrial automation, asset telemetry, edge systems, and operational workflows.",10,siemens,Siemens,,,"Siemens industrial software, infrastructure, transportation, healthcare, and building platform APIs exposed through the Siemens developer ecosystem.",10,optimize-my-plant,Optimize my plant,Optimize My Plant,built,OpenAPI,https://developer.siemens.com/optimize-my-plant/Optimize%20my%20plant%20collection%20-%20SaaS.json,"Optimize my plant is a Mendix app that can be deployed on Xcelerator as a Siemens operated SaaS offering, or customer can use the Optimize my plant Starter Kit to extend the Optimize my plant app and deploy and operate himself.",1030,TRUE,source_key=siemens-developer-portal; source_product_line_slug=optimize-my-plant; source_product_line_name=Optimize My Plant; scraped_source=https://developer.siemens.com/optimize-my-plant/home.html; integration_api_url=https://developer.siemens.com/optimize-my-plant/Optimize%20my%20plant%20collection%20-%20SaaS.json; tags=optimize-my-plant
manufacturing,Manufacturing,"Industrial automation, asset telemetry, edge systems, and operational workflows.",10,siemens,Siemens,,,"Siemens industrial software, infrastructure, transportation, healthcare, and building platform APIs exposed through the Siemens developer ecosystem.",10,ot-companion-asset-management-api,OT Companion Asset Management API,OT Companion,built,REST API,https://developer.siemens.com/otc/asset-mgt-api/asset-management.yml,"OT Companion® enables continuous OT asset inventory monitoring and patch management for power system operators in utilities, industries and infrastructure verticals.",1040,TRUE,source_key=siemens-developer-portal; source_product_line_slug=otc; source_product_line_name=OT Companion; scraped_source=https://developer.siemens.com/otc/asset-mgt-api/overview.html; integration_api_url=https://developer.siemens.com/otc/asset-mgt-api/asset-management.yml; tags=ot-companion
manufacturing,Manufacturing,"Industrial automation, asset telemetry, edge systems, and operational workflows.",10,siemens,Siemens,,,"Siemens industrial software, infrastructure, transportation, healthcare, and building platform APIs exposed through the Siemens developer ecosystem.",10,ot-companion-protection-settings-api,OT Companion Protection Settings API,OT Companion,built,REST API,https://developer.siemens.com/otc/protection-setting-api/protection-settings.yml,"OT Companion® enables continuous OT asset inventory monitoring and patch management for power system operators in utilities, industries and infrastructure verticals.",1050,TRUE,source_key=siemens-developer-portal; source_product_line_slug=otc; source_product_line_name=OT Companion; scraped_source=https://developer.siemens.com/otc/protection-setting-api/overview.html; integration_api_url=https://developer.siemens.com/otc/protection-setting-api/protection-settings.yml; tags=ot-companion
manufacturing,Manufacturing,"Industrial automation, asset telemetry, edge systems, and operational workflows.",10,siemens,Siemens,,,"Siemens industrial software, infrastructure, transportation, healthcare, and building platform APIs exposed through the Siemens developer ecosystem.",10,polarion-rest-api,Polarion REST API,Polarion,built,OpenAPI,https://developer.siemens.com/polarion/polarion-rest-apispec.json,The Polarion REST API gives external applications an integration layer with Polarion that gives you greater control over the information you use in both Polarion and the applications you use daily.,1060,TRUE,source_key=siemens-developer-portal; source_product_line_slug=polarion; source_product_line_name=Polarion; scraped_source=https://developer.siemens.com/polarion/overview.html; integration_api_url=https://developer.siemens.com/polarion/polarion-rest-apispec.json; tags=polarion
transportation,Transportation,"Fleet, rail, and charging infrastructure APIs for real-time asset operations.",30,siemens,Siemens,,,"Siemens industrial software, infrastructure, transportation, healthcare, and building platform APIs exposed through the Siemens developer ecosystem.",10,train-api,Train API,Railigent X,built,REST API,https://developer.siemens.com/railigent-x/Train-API/train-api-v1.yml,One key to advancing sustainable transportation is to digitally increase the capacity of rail systems - with less resources.,1080,TRUE,source_key=siemens-developer-portal; source_product_line_slug=railigent-x; source_product_line_name=Railigent X; scraped_source=https://developer.siemens.com/railigent-x/Train-API/index.html; integration_api_url=https://developer.siemens.com/railigent-x/Train-API/train-api-v1.yml; tags=railigent-x
manufacturing,Manufacturing,"Industrial automation, asset telemetry, edge systems, and operational workflows.",10,siemens,Siemens,,,"Siemens industrial software, infrastructure, transportation, healthcare, and building platform APIs exposed through the Siemens developer ecosystem.",10,sigreen-procurement-api,SiGREEN Procurement API,SiGREEN,built,OpenAPI,https://developer.siemens.com/sigreen/procurement-api/api_specs/openapi-spec-v1.16.0.yaml,"SiGREEN offers a suite of powerful APIs designed to revolutionize your PCF management practices. With SiGREEN API, you can easily connect your Enterprise Resource Planning (ERP) and Product Lifecycle Management (PLM) systems to SiGREEN.",1130,TRUE,"source_key=siemens-developer-portal; source_product_line_slug=sigreen; source_product_line_name=SiGREEN; scraped_source=https://developer.siemens.com/sigreen/procurement-api/api-procurement.html; integration_api_url=https://developer.siemens.com/sigreen/procurement-api/api_specs/openapi-spec-v1.16.0.yaml; tags=api,sigreen"
manufacturing,Manufacturing,"Industrial automation, asset telemetry, edge systems, and operational workflows.",10,siemens,Siemens,,,"Siemens industrial software, infrastructure, transportation, healthcare, and building platform APIs exposed through the Siemens developer ecosystem.",10,sigreen-product-api,SiGREEN Product API,SiGREEN,built,OpenAPI,https://developer.siemens.com/sigreen/product-api/api_specs/openapi-spec-v2-1.16.0.yaml,"SiGREEN offers a suite of powerful APIs designed to revolutionize your PCF management practices. With SiGREEN API, you can easily connect your Enterprise Resource Planning (ERP) and Product Lifecycle Management (PLM) systems to SiGREEN.",1140,TRUE,"source_key=siemens-developer-portal; source_product_line_slug=sigreen; source_product_line_name=SiGREEN; scraped_source=https://developer.siemens.com/sigreen/product-api/api-product.html; integration_api_url=https://developer.siemens.com/sigreen/product-api/api_specs/openapi-spec-v2-1.16.0.yaml; tags=api,sigreen"
manufacturing,Manufacturing,"Industrial automation, asset telemetry, edge systems, and operational workflows.",10,siemens,Siemens,,,"Siemens industrial software, infrastructure, transportation, healthcare, and building platform APIs exposed through the Siemens developer ecosystem.",10,sigreen-my-tasks-api,SiGREEN My Tasks API,SiGREEN,built,OpenAPI,https://developer.siemens.com/sigreen/my-tasks-api/api_specs/openapi-spec-v1.16.0.yaml,"SiGREEN offers a suite of powerful APIs designed to revolutionize your PCF management practices. With SiGREEN API, you can easily connect your Enterprise Resource Planning (ERP) and Product Lifecycle Management (PLM) systems to SiGREEN.",1150,TRUE,"source_key=siemens-developer-portal; source_product_line_slug=sigreen; source_product_line_name=SiGREEN; scraped_source=https://developer.siemens.com/sigreen/my-tasks-api/api-my-tasks.html; integration_api_url=https://developer.siemens.com/sigreen/my-tasks-api/api_specs/openapi-spec-v1.16.0.yaml; tags=api,sigreen"
manufacturing,Manufacturing,"Industrial automation, asset telemetry, edge systems, and operational workflows.",10,siemens,Siemens,,,"Siemens industrial software, infrastructure, transportation, healthcare, and building platform APIs exposed through the Siemens developer ecosystem.",10,sigreen-pcf-api,SiGREEN PCF API,SiGREEN,built,OpenAPI,https://developer.siemens.com/sigreen/pcf-api/api_specs/openapi-spec-v1.16.1.yaml,"SiGREEN offers a suite of powerful APIs designed to revolutionize your PCF management practices. With SiGREEN API, you can easily connect your Enterprise Resource Planning (ERP) and Product Lifecycle Management (PLM) systems to SiGREEN.",1160,TRUE,"source_key=siemens-developer-portal; source_product_line_slug=sigreen; source_product_line_name=SiGREEN; scraped_source=https://developer.siemens.com/sigreen/pcf-api/api-pcf.html; integration_api_url=https://developer.siemens.com/sigreen/pcf-api/api_specs/openapi-spec-v1.16.1.yaml; tags=api,sigreen"
manufacturing,Manufacturing,"Industrial automation, asset telemetry, edge systems, and operational workflows.",10,siemens,Siemens,,,"Siemens industrial software, infrastructure, transportation, healthcare, and building platform APIs exposed through the Siemens developer ecosystem.",10,external-apis,External APIs,SITRANS hub IQ,built,OpenAPI,https://developer.siemens.com/sitrans-hub-iq/api-specs/Hub_IQ_External_APIs_V2.2.0.yaml,External APIs ¶,1170,TRUE,source_key=siemens-developer-portal; source_product_line_slug=sitrans-hub-iq; source_product_line_name=SITRANS hub IQ; scraped_source=https://developer.siemens.com/sitrans-hub-iq/external_api.html; integration_api_url=https://developer.siemens.com/sitrans-hub-iq/api-specs/Hub_IQ_External_APIs_V2.2.0.yaml; tags=sitrans-hub-iq
manufacturing,Manufacturing,"Industrial automation, asset telemetry, edge systems, and operational workflows.",10,siemens,Siemens,,,"Siemens industrial software, infrastructure, transportation, healthcare, and building platform APIs exposed through the Siemens developer ecosystem.",10,teamcenter-x-product-cost-management-rest-api,Teamcenter (X) Product Cost Management REST API,Teamcenter (X) Product Cost Management,built,OpenAPI,https://developer.siemens.com/tcpcm/tcpcm-api-spec.yaml,"Move organizations forward, from a best-guess calculation to a methodical and sound assessment",1200,TRUE,source_key=siemens-developer-portal; source_product_line_slug=tcpcm; source_product_line_name=Teamcenter (X) Product Cost Management; scraped_source=https://developer.siemens.com/tcpcm/overview.html; integration_api_url=https://developer.siemens.com/tcpcm/tcpcm-api-spec.yaml; tags=teamcenter-x-product-cost-management
manufacturing,Manufacturing,"Industrial automation, asset telemetry, edge systems, and operational workflows.",10,siemens,Siemens,,,"Siemens industrial software, infrastructure, transportation, healthcare, and building platform APIs exposed through the Siemens developer ecosystem.",10,walkinside,Walkinside,Walkinside,built,OpenAPI,https://developer.siemens.com/walkinside/walkinside-api/walkinside.webapi.json,"Walkinside Services offer a robust 3D visualization platform that transforms how enterprises interact with their digital twins. By enabling dynamic navigation through virtual asset models, Walkinside leverages immersive environments to enhance operational planning, training, and safety assessments.",1220,TRUE,source_key=siemens-developer-portal; source_product_line_slug=walkinside; source_product_line_name=Walkinside; scraped_source=https://developer.siemens.com/walkinside/walkinside-api/index.html; integration_api_url=https://developer.siemens.com/walkinside/walkinside-api/walkinside.webapi.json; tags=